{"train_steps_per_second":0.185,"train/mean_token_accuracy":0.9075680851217671,"eval/samples_per_second":18.025,"train/grad_norm":0.30994370579719543,"train/loss":0.4083,"eval/loss":0.6930922269821167,"train/global_step":1660,"eval/num_tokens":3.220059e+07,"train_runtime":8989.0975,"train/learning_rate":1.7908262184285208e-11,"train/num_tokens":3.220059e+07,"train/epoch":10,"eval/runtime":32.7872,"eval/steps_per_second":18.025,"_step":20,"train_samples_per_second":5.905,"_timestamp":1.7514013197044413e+09,"_runtime":8988.1488273,"train_loss":0.534628029329231,"total_flos":6.914718219771648e+16,"eval/mean_token_accuracy":0.8459423552511509,"_wandb":{"runtime":8988}}